Imperial County,California
Madera County,California
Placer County,California
San Mateo County,California
Shasta County,California
Solano County,California
Sutter County,California
Chaffee County,Colorado
Grand County,Colorado
Montezuma County,Colorado
Weld County,Colorado
Windham County,Connecticut
Champaign County,Illinois
LaSalle County,Illinois
McLean County,Illinois
Peoria County,Illinois
St. Clair County,Illinois
Sangamon County,Illinois
Bartholomew County,Indiana
Black Hawk County,Iowa
Des Moines County,Iowa
Johnson County,Iowa
Lee County,Iowa
Pottawattamie County,Iowa
Story County,Iowa
Woodbury County,Iowa
Sagadahoc County,Maine
York County,Maine
Frederick County,Maryland
Talbot County,Maryland
Wicomico County,Maryland
Berrien County,Michigan
Jackson County,Michigan
Livingston County,Michigan
Macomb County,Michigan
Marquette County,Michigan
Beltrami County,Minnesota
Benton County,Minnesota
Dakota County,Minnesota
Douglas County,Minnesota
Kandiyohi County,Minnesota
Olmsted County,Minnesota
Washington County,Minnesota
Greene County,Missouri
Jasper County,Missouri
St. Charles County,Missouri
Yellowstone County,Montana
Sullivan County,New Hampshire
Burlington County,New Jersey
Monmouth County,New Jersey
Passaic County,New Jersey
Union County,New Jersey
Dutchess County,New York
Fulton County,New York
Genesee County,New York
Jefferson County,New York
Lewis County,New York
Madison County,New York
Montgomery County,New York
Oneida County,New York
Orange County,New York
Richmond County,New York
Rockland County,New York
St. Lawrence County,New York
Schenectady County,New York
Schoharie County,New York
Schuyler County,New York
Sullivan County,New York
Warren County,New York
Clark County,Ohio
Delaware County,Ohio
Lucas County,Ohio
Mahoning County,Ohio
Medina County,Ohio
Portage County,Ohio
Richland County,Ohio
Wayne County,Ohio
Cambria County,Pennsylvania
Somerset County,Pennsylvania
Wasatch County,Utah
Washington County,Utah
Weber County,Utah
Bennington County,Vermont
Franklin County,Vermont
Lamoille County,Vermont
Orleans County,Vermont
Washington County,Vermont
Windham County,Vermont
Windsor County,Vermont
Albemarle County,Virginia
Chelan County,Washington
Clallam County,Washington
Kittitas County,Washington
Okanogan County,Washington
San Juan County,Washington
Skagit County,Washington
Whitman County,Washington
Columbia County,Wisconsin
Manitowoc County,Wisconsin
Outagamie County,Wisconsin
Racine County,Wisconsin
Sheboygan County,Wisconsin
Walworth County,Wisconsin
Washington County,Wisconsin
Wood County,Wisconsin
